ID	chemical_casrn	chemical_name
C60355	60-35-5	Acetamide
C103902	103-90-2	Acetaminophen
C520456	520-45-6	Dehydroacetic acid
C50594666	50594-66-6	Acifluorfen
C79061	79-06-1	Acrylamide
C107131	107-13-1	Acrylonitrile
C309002	309-00-2	Aldrin
C97596	97-59-6	Allantoin
C107186	107-18-6	Allyl alcohol
C57067	57-06-7	Allyl isothiocyanate
C117793	117-79-3	2-Aminoanthraquinone
C97563	97-56-3	2-Amino-5-azotoluene
C61825	61-82-5	Amitrole
C4180238	4180-23-8	(E)-Anethole
C101053	101-05-3	Anilazine
C142041	142-04-1	Aniline hydrochloride
C20265978	20265-97-8	4-Methoxyaniline hydrochloride
C134032	134-03-2	Sodium L-ascorbate
C50817	50-81-7	L-Ascorbic acid
C22839470	22839-47-0	Aspartame
C50782	50-78-2	Aspirin
C1912249	1912-24-9	Atrazine
C2465272	2465-27-2	Auramine hydrochloride
C446866	446-86-6	Azathioprine
C26628228	26628-22-8	Sodium azide
C86500	86-50-0	Azinphos-methyl
C103333	103-33-3	Azobenzene
C30516871	30516-87-1	3'-Azido-3'-deoxythymidine
C92875	92-87-5	Benzidine
C532321	532-32-1	Sodium benzoate
C271896	271-89-6	"2,3-Benzofuran"
C65850	65-85-0	Benzoic acid
C119539	119-53-9	Benzoin
C95147	95-14-7	"1,2,3-Benzotriazole"
C98077	98-07-7	Benzotrichloride
C140114	140-11-4	Benzyl acetate
C100516	100-51-6	Benzyl alcohol
C120321	120-32-1	Clorophene
C82657043	82657-04-3	Bifenthrin
C92524	92-52-4	Biphenyl
C3296900	3296-90-0	"2,2-Bis(bromomethyl)-1,3-propanediol"
C111444	111-44-4	Bis(2-chloroethyl) ether
C110974	110-97-4	Diisopropanolamine
C80057	80-05-7	Bisphenol A
C3844459	3844-45-9	FD&C Blue No. 1
C860220	860-22-0	C.I. Acid Blue 74
C10043353	10043-35-3	Boric acid
C22260511	22260-51-1	Bromocriptine mesylate
C85687	85-68-7	Butyl benzyl phthalate
C88857	88-85-7	Dinoseb
C94268	94-26-8	Butylparaben
C2409554	2409-55-4	2-tert-Butyl-4-methylphenol
C128370	128-37-0	Butylated hydroxytoluene
C1948330	1948-33-0	tert-Butylhydroquinone
C98544	98-54-4	4-tert-Butylphenol
C96480	96-48-0	4-Butyrolactone
C58082	58-08-2	Caffeine
C50146	50-14-6	Ergocalciferol
C105602	105-60-2	Caprolactam
C2425061	2425-06-1	Captafol
C133062	133-06-2	Captan
C63252	63-25-2	Carbaryl
C1563662	1563-66-2	Carbofuran
C120809	120-80-9	Catechol
C133904	133-90-4	Chloramben
C57749	57-74-9	Chlordane
C115286	115-28-6	Chlorendic acid
C97007	97-00-7	"1-Chloro-2,4-dinitrobenzene"
C100005	100-00-5	1-Chloro-4-nitrobenzene
C95830	95-83-0	"4-Chloro-1,2-diaminobenzene"
C95749	95-74-9	3-Chloro-4-methylaniline
C50892234	50892-23-4	Pirinixic acid
C107200	107-20-0	Chloroacetaldehyde
C532274	532-27-4	2-Chloroacetophenone
C106478	106-47-8	4-Chloroaniline
C510156	510-15-6	Chlorobenzilate
C107302	107-30-2	Chloromethyl methyl ether
C150685	150-68-5	Monuron
C1897456	1897-45-6	Chlorothalonil
C77929	77-92-9	Citric acid
C637070	637-07-0	Clofibrate
C50419	50-41-9	Clomiphene citrate
C56724	56-72-4	Coumaphos
C91645	91-64-5	Coumarin
C120718	120-71-8	2-Methoxy-5-methylaniline
C135206	135-20-6	Cupferron
C461585	461-58-5	Cyanoguanidine
C108941	108-94-1	Cyclohexanone
C427510	427-51-0	Cyproterone acetate
C1596845	1596-84-5	Daminozide
C80080	80-08-0	Dapsone
C53190	53-19-0	"o,p'-DDD"
C72548	72-54-8	"p,p'-DDD"
C72559	72-55-9	"p,p'-DDE"
C50293	50-29-3	"p,p'-DDT"
C53430	53-43-0	Dehydroepiandrosterone
C52918635	52918-63-5	Deltamethrin
C131179	131-17-9	Diallyl phthalate
C95807	95-80-7	"2,4-Diaminotoluene"
C333415	333-41-5	Diazinon
C53703	53-70-3	"Dibenz(a,h)anthracene"
C106934	106-93-4	"1,2-Dibromoethane"
C23950585	23950-58-5	Propyzamide
C117806	117-80-6	Dichlone
C99309	99-30-9	Dicloran
C79436	79-43-6	Dichloroacetic acid
C95501	95-50-1	"1,2-Dichlorobenzene"
C106467	106-46-7	"1,4-Dichlorobenzene"
C120832	120-83-2	"2,4-Dichlorophenol"
C120365	120-36-5	Dichlorprop
C94757	94-75-7	"2,4-Dichlorophenoxyacetic acid"
C94804	94-80-4	"2,4-D 1-butyl ester "
C330541	330-54-1	Diuron
C62737	62-73-7	Dichlorvos
C115322	115-32-2	Dicofol
C60571	60-57-1	Dieldrin
C2921882	2921-88-2	Chlorpyrifos
C111466	111-46-6	Diethylene glycol
C56531	56-53-1	Diethylstilbestrol
C105555	105-55-5	"N,N'-Diethylthiourea"
C60515	60-51-5	Dimethoate
C828002	828-00-2	Dimethoxane
C20325400	20325-40-0	"3,3'-Dimethoxybenzidine dihydrochloride"
C868859	868-85-9	Dimethyl hydrogen phosphite
C756796	756-79-6	Dimethyl methylphosphonate
C120616	120-61-6	Dimethyl terephthalate
C127195	127-19-5	"N,N-Dimethylacetamide"
C1095905	1095-90-5	Methadone hydrochloride
C108010	108-01-0	Dimethylaminoethanol
C121697	121-69-7	"N,N-Dimethylaniline"
C75605	75-60-5	Dimethylarsinic acid
C57976	57-97-6	"7,12-Dimethylbenz(a)anthracene"
C612828	612-82-8	"3,3'-Dimethylbenzidine dihydrochloride"
C79447	79-44-7	Dimethylcarbamoyl chloride
C68122	68-12-2	"N,N-Dimethylformamide"
C57147	57-14-7	"1,1-Dimethylhydrazine"
C51285	51-28-5	"2,4-Dinitrophenol"
C606202	606-20-2	"2,6-Dinitrotoluene"
C121142	121-14-2	"2,4-Dinitrotoluene"
C147240	147-24-0	Diphenhydramine hydrochloride
C57410	57-41-0	"5,5-Diphenylhydantoin"
C115297	115-29-7	Endosulfan
C72208	72-20-8	Endrin
C6381777	6381-77-7	Sodium erythorbate (1:1)
C50282	50-28-2	17beta-Estradiol
C140670	140-67-0	Estragole
C57636	57-63-6	17alpha-Ethinylestradiol
C91532	91-53-2	Ethoxyquin
C77838	77-83-8	Ethyl methylphenylglycidate
C107211	107-21-1	Ethylene glycol
C96457	96-45-7	Ethylene thiourea
C106876	106-87-6	4-Vinyl-1-cyclohexene dioxide
C104767	104-76-7	2-Ethyl-1-hexanol
C103231	103-23-1	Di(2-ethylhexyl) adipate
C117817	117-81-7	Di(2-ethylhexyl) phthalate
C470826	470-82-6	"1,8-Cineol"
C97530	97-53-0	Eugenol
C102676313	102676-31-3	Fadrozole hydrochloride
C55389	55-38-9	Fenthion
C51630581	51630-58-1	Fenvalerate
C98319267	98319-26-7	Finasteride
C86386734	86386-73-4	Fluconazole
C2164172	2164-17-2	Fluometuron
C51218	51-21-8	5-Fluorouracil
C98011	98-01-1	Furfural
C25812300	25812-30-0	Gemfibrozil
C548629	548-62-9	Gentian Violet
C105873	105-87-3	Geranyl acetate
C77065	77-06-5	Gibberellic acid
C56815	56-81-5	Glycerol
C96242	96-24-2	"3-Chloro-1,2-propanediol"
C556525	556-52-5	Glycidol
C2353459	2353-45-9	FD&C Green No. 3
C76448	76-44-8	Heptachlor
C87683	87-68-3	"Hexachloro-1,3-butadiene"
C319857	319-85-7	beta-Hexachlorocyclohexane
C58899	58-89-9	Lindane
C77474	77-47-4	Hexachlorocyclopentadiene
C100970	100-97-0	Methenamine
C136776	136-77-6	4-Hexylresorcinol
C122667	122-66-7	"1,2-Diphenylhydrazine"
C58935	58-93-5	Hydrochlorothiazide
C123319	123-31-9	Hydroquinone
C148243	148-24-3	8-Hydroxyquinoline
C120729	120-72-9	Indole
C53861	53-86-1	Indomethacin
C54853	54-85-3	Isoniazid
C78591	78-59-1	Isophorone
C101213	101-21-3	Chlorpropham
C122429	122-42-9	Propham
C520183	520-18-3	Kaempferol
C143500	143-50-0	Kepone
C75330755	75330-75-5	Lovastatin
C1634782	1634-78-2	Malaoxon
C121755	121-75-5	Malathion
C123331	123-33-1	Maleic hydrazide
C12427382	12427-38-2	Maneb
C149304	149-30-4	2-Mercaptobenzothiazole
C7487947	7487-94-7	Mercuric chloride
C72333	72-33-3	Mestranol
C950378	950-37-8	Methidathion
C60560	60-56-0	Methimazole
C59052	59-05-2	Methotrexate
C72435	72-43-5	Methoxychlor
C150765	150-76-5	4-Methoxyphenol
C598550	598-55-0	Methyl carbamate
C112630	112-63-0	Methyl linoleate
C66273	66-27-3	Methyl methanesulfonate
C298000	298-00-0	Methyl parathion
C872504	872-50-4	N-Methyl-2-pyrrolidone
C41372081	41372-08-1	Methyldopa sesquihydrate
C838880	838-88-0	"4,4'-Methylenebis(2-methylaniline)"
C101611	101-61-1	"4,4'-Methylenebis(N,N-dimethylaniline)"
C119471	119-47-1	"2,2'-Methylenebis(4-methyl-6-tert-butylphenol)"
C90120	90-12-0	1-Methylnaphthalene
C91623	91-62-3	6-Methylquinoline
C622979	622-97-9	4-Methylstyrene
C56042	56-04-2	6-Methyl-2-thiouracil
C90948	90-94-8	Michler's ketone
C2385855	2385-85-5	Mirex
C55981	55-98-1	Busulfan
C91203	91-20-3	Naphthalene
C86873	86-87-3	1-Naphthaleneacetic acid
C2243621	2243-62-1	"1,5-Naphthalenediamine"
C91598	91-59-8	2-Naphthylamine
C98920	98-92-0	Niacinamide
C54115	54-11-5	Nicotine
C59676	59-67-6	Nicotinic acid
C139139	139-13-9	Nitrilotriacetic acid
C7632000	7632-00-0	Sodium nitrite
C99592	99-59-2	2-Methoxy-5-nitroaniline
C59870	59-87-0	Nitrofurazone
C99558	99-55-8	2-Methyl-5-nitroaniline
C100016	100-01-6	4-Nitroaniline
C98953	98-95-3	Nitrobenzene
C62237	62-23-7	4-Nitrobenzoic acid
C79243	79-24-3	Nitroethane
C1836755	1836-75-5	Nitrofen
C67209	67-20-9	Nitrofurantoin
C684935	684-93-5	N-Nitroso-N-methylurea
C924163	924-16-3	N-Nitrosodibutylamine
C55185	55-18-5	N-Nitrosodiethylamine
C62759	62-75-9	N-Nitrosodimethylamine
C86306	86-30-6	N-Nitrosodiphenylamine
C156105	156-10-5	4-Nitrosodiphenylamine
C621647	621-64-7	N-Nitrosodipropylamine
C930552	930-55-2	N-Nitrosopyrrolidine
C1936158	1936-15-8	C.I. Acid Orange 10
C23135220	23135-22-0	Oxamyl
C604751	604-75-1	Oxazepam
C101804	101-80-4	"4,4'-Oxydianiline"
C2058460	2058-46-0	Oxytetracycline hydrochloride
C56382	56-38-2	Parathion
C1825214	1825-21-4	Pentachloroanisole
C82688	82-68-8	Pentachloronitrobenzene
C87865	87-86-5	Pentachlorophenol
C57307	57-30-7	Phenobarbital sodium
C108952	108-95-2	Phenol
C77098	77-09-8	Phenolphthalein
C92842	92-84-2	Phenothiazine
C842079	842-07-9	C.I. Solvent Yellow 14
C108452	108-45-2	"1,3-Benzenediamine"
C106503	106-50-3	"1,4-Benzenediamine"
C62384	62-38-4	Phenylmercuric acetate
C90437	90-43-7	2-Phenylphenol
C92693	92-69-3	4-Phenylphenol
C1918021	1918-02-1	Picloram
C110850	110-85-0	Piperazine
C51036	51-03-6	Piperonyl butoxide
C9005656	9005-65-6	Polysorbate 80
C53032	53-03-2	Prednisone
C1120714	1120-71-4	"1,3-Propane sultone"
C139402	139-40-2	Propazine
C1114712	1114-71-2	Pebulate
C121799	121-79-9	Propyl gallate
C51525	51-52-5	6-Propyl-2-thiouracil
C58140	58-14-0	Pyrimethamine
C117395	117-39-5	Quercetin
C6459945	6459-94-5	C.I. Acid Red 114
C16423680	16423-68-0	FD&C Red 3
C4548532	4548-53-2	FD&C Red 4
C50555	50-55-5	Reserpine
C108463	108-46-3	Resorcinol
C302794	302-79-4	trans-Retinoic acid
C127479	127-47-9	Retinol acetate
C989388	989-38-8	Rhodamine 6G
C13292461	13292-46-1	Rifampicin
C83794	83-79-4	Rotenone
C81072	81-07-2	Saccharin
C94597	94-59-7	Safrole
C599791	599-79-1	Sulfasalazine
C122349	122-34-9	Simazine
C110441	110-44-1	Sorbic acid
C96093	96-09-3	Styrene oxide
C57501	57-50-1	Sucrose
C54965241	54965-24-1	Tamoxifen citrate
C732263	732-26-3	"2,4,6-Tris(tert-butyl)phenol"
C97778	97-77-8	Disulfiram
C137268	137-26-8	Thiram
C58559	58-55-9	Theophylline
C148798	148-79-8	Thiabendazole
C62566	62-56-6	Thiourea
C1156190	1156-19-0	Tolazamide
C636215	636-21-5	2-Methylaniline hydrochloride
C76039	76-03-9	Trichloroacetic acid
C133073	133-07-3	Folpet
C88062	88-06-2	"2,4,6-Trichlorophenol"
C93765	93-76-5	"2,4,5-Trichlorophenoxyacetic acid"
C52686	52-68-6	Trichlorfon
C96184	96-18-4	"1,2,3-Trichloropropane"
C1330785	1330-78-5	Tricresyl phosphate
C102716	102-71-6	Triethanolamine
C112276	112-27-6	Triethylene glycol
C1582098	1582-09-8	Trifluralin
C95636	95-63-6	"1,2,4-Trimethylbenzene"
C512561	512-56-1	Trimethyl phosphate
C76879	76-87-9	Triphenyltin hydroxide
C115968	115-96-8	Tris(2-chloroethyl) phosphate
C126727	126-72-7	"Tris(2,3-dibromopropyl) phosphate"
C78422	78-42-2	Tris(2-ethylhexyl) phosphate
C122203	122-20-3	Triisopropanolamine
C73223	73-22-3	l-Tryptophan
C57136	57-13-6	Urea
C51796	51-79-6	Urethane
C88120	88-12-0	N-Vinyl-2-pyrrolidone
C1934210	1934-21-0	FD&C Yellow 5
C2783940	2783-94-0	FD&C Yellow 6
C17924924	17924-92-4	Zearalenone
C137304	137-30-4	Ziram
C13755298	13755-29-8	Sodium tetrafluoroborate
C122781	122-78-1	Phenylacetaldehyde
C121915	121-91-5	"1,3-Benzenedicarboxylic acid"
C107926	107-92-6	Butanoic acid
C110167	110-16-7	Maleic acid
C110178	110-17-8	Fumaric acid
C112345	112-34-5	2-(2-Butoxyethoxy)ethanol
C143226	143-22-6	2-[2-(2-Butoxyethoxy)ethoxy]ethanol
C95578	95-57-8	2-Chlorophenol
C112312	112-31-2	Decanal
C334485	334-48-5	Decanoic acid
C75990	75-99-0	Dalapon
C143077	143-07-7	Dodecanoic acid
C111717	111-71-7	Heptanal
C111148	111-14-8	Heptanoic acid
C57103	57-10-3	Hexadecanoic acid
C124049	124-04-9	Hexanedioic acid
C142621	142-62-1	Hexanoic acid
C124196	124-19-6	Nonanal
C123999	123-99-9	Nonanedioic acid
C112050	112-05-0	Nonanoic acid
C57114	57-11-4	Octadecanoic acid
C124130	124-13-0	Octanal
C124072	124-07-2	Octanoic acid
C110623	110-62-3	Pentanal
C109524	109-52-4	Pentanoic acid
C544638	544-63-8	Tetradecanoic acid
C1120214	1120-21-4	Undecane
C59507	59-50-7	4-Chloro-3-methylphenol
C65452	65-45-2	Salicylamide
C67685	67-68-5	Dimethyl sulfoxide
C71238	71-23-8	1-Propanol
C77714	77-71-4	"5,5-Dimethylhydantoin"
C78513	78-51-3	Tris(2-butoxyethyl) phosphate
C78966	78-96-6	1-Amino-2-propanol
C79958	79-95-8	"2,2',6,6'-Tetrachlorobisphenol A"
C80466	80-46-6	4-(2-Methylbutan-2-yl)phenol
C83329	83-32-9	Acenaphthene
C83885	83-88-5	Riboflavin
C84662	84-66-2	Diethyl phthalate
C84742	84-74-2	Dibutyl phthalate
C88302	88-30-2	3-Trifluoromethyl-4-nitrophenol
C88755	88-75-5	2-Nitrophenol
C90028	90-02-8	Salicylaldehyde
C90153	90-15-3	1-Naphthol
C91225	91-22-5	Quinoline
C91667	91-66-7	"N,N-Diethylaniline"
C94097	94-09-7	Benzocaine
C95487	95-48-7	o-Cresol
C95761	95-76-1	"3,4-Dichloroaniline"
C96297	96-29-7	2-Butanone oxime
C97234	97-23-4	Dichlorophen
C98862	98-86-2	Acetophenone
C99081	99-08-1	3-Nitrotoluene
C99978	99-97-8	"N,N,4-Trimethylaniline"
C100027	100-02-7	4-Nitrophenol
C100378	100-37-8	"N,N-Diethylethanolamine"
C100641	100-64-1	Cyclohexanone oxime
C101848	101-84-8	Diphenyl oxide
C102272	102-27-2	N-Ethyl-3-methylaniline
C103764	103-76-4	1-Piperazineethanol
C104132	104-13-2	4-Butylaniline
C105533	105-53-3	Diethyl propanedioate
C105679	105-67-9	"2,4-Dimethylphenol"
C105997	105-99-7	Dibutyl hexanedioate
C106489	106-48-9	4-Chlorophenol
C106490	106-49-0	4-Methylaniline
C107073	107-07-3	2-Chloroethanol
C107415	107-41-5	"2-Methyl-2,4-pentanediol"
C107879	107-87-9	2-Pentanone
C108930	108-93-0	Cyclohexanol
C108996	108-99-6	3-Methylpyridine
C109773	109-77-3	Propanedinitrile
C110123	110-12-3	5-Methyl-2-hexanone
C110430	110-43-0	2-Heptanone
C110656	110-65-6	"2-Butyne-1,4-diol"
C110736	110-73-6	2-(Ethylamino)ethanol
C111159	111-15-9	2-Ethoxyethyl acetate
C111273	111-27-3	1-Hexanol
C111422	111-42-2	Diethanolamine
C111693	111-69-3	Hexanedinitrile
C111706	111-70-6	1-Heptanol
C111875	111-87-5	1-Octanol
C111900	111-90-0	2-(2-Ethoxyethoxy)ethanol
C112129	112-12-9	2-Undecanone
C112301	112-30-1	1-Decanol
C112709	112-70-9	1-Tridecanol
C114261	114-26-1	Propoxur
C115866	115-86-6	Triphenyl phosphate
C117840	117-84-0	Dioctyl phthalate
C118558	118-55-8	Phenyl salicylate
C118796	118-79-6	"2,4,6-Tribromophenol"
C119619	119-61-9	Benzophenone
C120821	120-82-1	"1,2,4-Trichlorobenzene"
C121324	121-32-4	3-Ethoxy-4-hydroxybenzaldehyde
C121335	121-33-5	4-Hydroxy-3-methoxybenzaldehyde
C122394	122-39-4	Diphenylamine
C122996	122-99-6	2-Phenoxyethanol
C123079	123-07-9	4-Ethylphenol
C123660	123-66-0	Ethyl hexanoate
C124221	124-22-1	1-Dodecanamine
C126738	126-73-8	Tributyl phosphate
C82385420	82385-42-0	Sodium saccharin hydrate
C132649	132-64-9	Dibenzofuran
C134623	134-62-3	DEET
C140318	140-31-8	1-(2-Aminoethyl)piperazine
C141435	141-43-5	Ethanolamine
C143088	143-08-8	1-Nonanol
C150787	150-78-7	Hydroquinone dimethyl ether
C298044	298-04-4	Disulfoton
C314409	314-40-9	Bromacil
C499832	499-83-2	"2,6-Pyridinedicarboxylic acid"
C525826	525-82-6	Flavone
C527606	527-60-6	"2,4,6-Trimethylphenol"
C534521	534-52-1	"2-Methyl-4,6-dinitrophenol"
C540885	540-88-5	tert-Butyl acetate
C541731	541-73-1	"1,3-Dichlorobenzene"
C645567	645-56-7	4-Propylphenol
C706149	706-14-9	gamma-Decanolactone
C709988	709-98-8	Propanil
C760236	760-23-6	"3,4-Dichloro-1-butene"
C818611	818-61-1	2-Hydroxyethyl acrylate
C928961	928-96-1	(Z)-3-Hexen-1-ol
C1461252	1461-25-2	Tetrabutyltin
C1689845	1689-84-5	Bromoxynil
C2016571	2016-57-1	1-Decanamine
C2104645	2104-64-5	EPN
C2176627	2176-62-7	Pentachloropyridine
C2416946	2416-94-6	"2,3,6-Trimethylphenol"
C7212444	7212-44-4	Nerolidol
C10453868	10453-86-8	Resmethrin
C13071799	13071-79-9	Terbufos
C15972608	15972-60-8	Alachlor
C16752775	16752-77-5	Methomyl
C39905572	39905-57-2	4-Hexyloxyaniline
C52645531	52645-53-1	Permethrin
C446720	446-72-0	Genistein
C486668	486-66-8	Daidzein
C1806264	1806-26-4	4-Octylphenol
C58720	58-72-0	Triphenylethylene
C2971360	2971-36-0	"2,2-Bis(4-hydroxyphenyl)-1,1,1-trichloroethane"
C89725	89-72-5	2-(Butan-2-yl)phenol
C99718	99-71-8	4-(Butan-2-yl)phenol
C1610180	1610-18-0	Prometon
C789026	789-02-6	"o,p'-DDT"
C92046	92-04-6	2-Chloro-4-phenylphenol
C140669	140-66-9	"4-(1,1,3,3-Tetramethylbutyl)phenol"
C50471448	50471-44-8	Vinclozolin
C521186	521-18-6	5alpha-Dihydrotestosterone
C50271	50-27-1	Estriol
C53167	53-16-7	Estrone
C129453618	129453-61-8	Fulvestrant
C57830	57-83-0	Progesterone
C57910	57-91-0	17alpha-Estradiol
C84162	84-16-2	meso-Hexestrol
C520365	520-36-5	Apigenin
C491805	491-80-5	Biochanin A
C480400	480-40-0	Chrysin
C131577	131-57-7	2-Hydroxy-4-methoxybenzophenone
C131566	131-56-6	"2,4-Dihydroxybenzophenone"
C143748	143-74-8	Phenol red
C80091	80-09-1	"4,4'-Sulfonyldiphenol"
C118821	118-82-1	"4,4'-Methylenebis(2,6-di-t-butylphenol)"
C97541	97-54-1	Isoeugenol
C73314	73-31-4	Melatonin
C101779	101-77-9	"4,4'-Methylenedianiline"
C126001	126-00-1	Diphenolic acid
C500389	500-38-9	Nordihydroguaiaretic acid
C81903	81-90-3	Phenolphthalin
C77407	77-40-7	Bisphenol B
C2467029	2467-02-9	Bisphenol F
C51218452	51218-45-2	Metolachlor
C131113	131-11-3	Dimethyl phthalate
C104518	104-51-8	Butylbenzene
C50226	50-22-6	Corticosterone
C90006	90-00-6	2-Ethylphenol
C620177	620-17-7	3-Ethylphenol
C140103	140-10-3	Cinnamic acid
C104438	104-43-8	4-Dodecylphenol
C1570645	1570-64-5	4-Chloro-2-methylphenol
C59303	59-30-3	Folic acid
C84695	84-69-5	Diisobutyl phthalate
C1085127	1085-12-7	Heptylparaben
C50351	50-35-1	Thalidomide
C5153253	5153-25-3	2-Ethylhexylparaben
C94188	94-18-8	Benzylparaben
C94133	94-13-3	Propylparaben
C120478	120-47-8	Ethylparaben
C99763	99-76-3	Methylparaben
C599644	599-64-4	4-Cumylphenol
C54626	54-62-6	4-Aminofolic acid
C125848	125-84-8	Aminoglutethimide
C120511731	120511-73-1	Anastrozole
C29122687	29122-68-7	Atenolol
C90357065	90357-06-5	Bicalutamide
C58855	58-85-5	Biotin
C298464	298-46-4	Carbamazepine
C169590425	169590-42-5	Celecoxib
C4291638	4291-63-8	Cladribine
C69655056	69655-05-6	"2',3'-Dideoxyinosine"
C20830755	20830-75-5	Digoxin
C577117	577-11-7	Docusate sodium
C114078	114-07-8	Erythromycin
C96833	96-83-3	Iopanoic acid
C50215	50-21-5	Lactic acid
C63423	63-42-3	Lactose
C112809515	112809-51-5	Letrozole
C6893023	6893-02-3	"3,5,3'-Triiodothyronine"
C69658	69-65-8	D-Mannitol
C61734	61-73-4	Methylene blue
C84371653	84371-65-3	Mifepristone
C68224	68-22-4	Norethindrone
C6153646	6153-64-6	Oxytetracycline dihydrate
C78115	78-11-5	Pentaerythritol tetranitrate
C2078548	2078-54-8	Propofol
C65236	65-23-6	Pyridoxine
C68268	68-26-8	Retinol
C79902639	79902-63-9	Simvastatin
C50704	50-70-4	D-Glucitol
C110156	110-15-6	Butanedioic acid
C87694	87-69-4	L-Tartaric acid
C60548	60-54-8	Tetracycline
C154427	154-42-7	6-Thioguanine
C97322877	97322-87-7	Troglitazone
C77861	77-86-1	Tromethamine
C99661	99-66-1	Valproic acid
C81812	81-81-2	Warfarin
C58866	58-86-6	D-Xylose
C99990	99-99-0	4-Nitrotoluene
C140647	140-64-7	Pentamidine isethionate
C3056175	3056-17-5	Stavudine
C1303113	1303-11-3	Indium arsenide
C4098719	4098-71-9	Isophorone diisocyanate
C9016006	9016-00-6	Polydimethylsiloxane
C208968	208-96-8	Acenaphthylene
C30560191	30560-19-1	Acephate
C34256821	34256-82-1	Acetochlor
C1646884	1646-88-4	Aldoxycarb
C67485294	67485-29-4	Hydramethylnon
C834128	834-12-8	Ametryn
C33089611	33089-61-1	Amitraz
C7773060	7773-06-0	Ammonium sulfamate
C90040	90-04-0	2-Anisidine
C120127	120-12-7	Anthracene
C74115245	74115-24-5	Clofentezine
C76578148	76578-14-8	Quizalofop-ethyl
C3337711	3337-71-1	Asulam
C71751412	71751-41-2	Abamectin
C43121433	43121-43-3	Triadimefon
C1861401	1861-40-1	Benfluralin
C17804352	17804-35-2	Benomyl
C25057890	25057-89-0	Bentazone
C56553	56-55-3	Benz(a)anthracene
C205992	205-99-2	Benzo(b)fluoranthene
C141662	141-66-2	Dicrotophos
C101553	101-55-3	p-Bromodiphenyl ether
C2008415	2008-41-5	Butylate
C55285148	55285-14-8	Carbosulfan
C5234684	5234-68-4	Carboxin
C95498	95-49-8	2-Chlorotoluene
C21725462	21725-46-2	Cyanazine
C108918	108-91-8	Cyclohexylamine
C52315078	52315-07-8	Cypermethrin
C66215278	66215-27-8	Cyromazine
C1861321	1861-32-1	Chlorthal-dimethyl
C39515418	39515-41-8	Fenpropathrin
C1918009	1918-00-9	Dicamba
C156605	156-60-5	"(E)-1,2-Dichloroethylene"
C94826	94-82-6	"2,4-DB"
C64675	64-67-5	Diethyl sulfate
C311455	311-45-5	Paraoxon
C43222486	43222-48-6	Difenzoquat metilsulfate
C35367385	35367-38-5	Diflubenzuron
C1445756	1445-75-6	Diisopropyl methylphosphonate
C55290647	55290-64-7	Dimethipin
C77781	77-78-1	Dimethyl sulfate
C124403	124-40-3	Dimethylamine
C119937	119-93-7	"3,3'-Dimethylbenzidine"
C95658	95-65-8	"3,4-Dimethylphenol"
C576261	576-26-1	"2,6-Dimethylphenol"
C99650	99-65-0	"1,3-Dinitrobenzene"
C528290	528-29-0	"1,2-Dinitrobenzene"
C957517	957-51-7	Diphenamid
C145733	145-73-3	Endothal
C16672870	16672-87-0	Ethephon
C563122	563-12-2	Ethion
C110805	110-80-5	2-Ethoxyethanol
C759944	759-94-4	EPTC
C111762	111-76-2	2-Butoxyethanol
C22224926	22224-92-6	Fenamiphos
C206440	206-44-0	Fluoranthene
C86737	86-73-7	Fluorene
C59756604	59756-60-4	Fluridone
C66332965	66332-96-5	Flutolanil
C72178020	72178-02-0	Fomesafen
C69806402	69806-40-2	Haloxyfop-methyl
C79277273	79277-27-3	Thifensulfuron-methyl
C1024573	1024-57-3	Heptachlor epoxide
C822060	822-06-0	"1,6-Diisocyanatohexane"
C51235042	51235-04-2	Hexazinone
C35554440	35554-44-0	Imazalil
C81335377	81335-37-7	Imazaquin
C36734197	36734-19-7	Iprodione
C33820530	33820-53-0	Isopropalin
C82558507	82558-50-7	Isoxaben
C77501634	77501-63-4	Lactofen
C330552	330-55-2	Linuron
C24307264	24307-26-4	Mepiquat chloride
C78488	78-48-8	Tribufos
C57837191	57837-19-1	Metalaxyl
C126987	126-98-7	Methacrylonitrile
C10265926	10265-92-6	Methamidophos
C109864	109-86-4	2-Methoxyethanol
C94815	94-81-5	MCPB
C93652	93-65-2	Mecoprop
C94746	94-74-6	MCPA
C108394	108-39-4	m-Cresol
C21087649	21087-64-9	Metribuzin
C2212671	2212-67-1	Molinate
C300765	300-76-5	Naled
C15299997	15299-99-7	Napropamide
C1929824	1929-82-4	Nitrapyrin
C27314132	27314-13-2	Norflurazon
C85509199	85509-19-9	Flusilazole
C19044883	19044-88-3	Oryzalin
C19666309	19666-30-9	Oxadiazon
C42874033	42874-03-3	Oxyfluorfen
C76738620	76738-62-0	Paclobutrazol
C40487421	40487-42-1	Pendimethalin
C85018	85-01-8	Phenanthrene
C13684634	13684-63-4	Phenmedipham
C2310170	2310-17-0	Phosalone
C732116	732-11-6	Phosmet
C7664382	7664-38-2	Phosphoric acid
C29232937	29232-93-7	Pirimiphos-methyl
C67747095	67747-09-5	Prochloraz
C7287196	7287-19-6	Prometryn
C1918167	1918-16-7	Propachlor
C2312358	2312-35-8	Propargite
C60207901	60207-90-1	Propiconazole
C107982	107-98-2	1-Methoxy-2-propanol
C81335775	81335-77-5	Imazethapyr
C129000	129-00-0	Pyrene
C78587050	78587-05-0	Hexythiazox
C74051802	74051-80-2	Sethoxydim
C62748	62-74-8	Sodium fluoroacetate
C88671890	88671-89-0	Myclobutanil
C34014181	34014-18-1	Tebuthiuron
C5902512	5902-51-2	Terbacil
C95943	95-94-3	"1,2,4,5-Tetrachlorobenzene"
C28249776	28249-77-6	Thiobencarb
C23564058	23564-05-8	Thiophanate-methyl
C2303175	2303-17-5	Tri-allate
C95954	95-95-4	"2,4,5-Trichlorophenol"
C112505	112-50-5	2-[2-(2-Ethoxyethoxy)ethoxy]ethanol
C1929777	1929-77-7	Vernolate
C64197	64-19-7	Acetic acid
C1646759	1646-75-9	Aldicarb oxime
C25956176	25956-17-6	Allura Red C.I.16035
C60093	60-09-3	4-Aminoazobenzene
C150130	150-13-0	4-Aminobenzoic acid
C2835952	2835-95-2	5-Amino-2-methylphenol
C63058	63-05-8	"4-Androstene-3,17-dione"
C1143380	1143-38-0	Anthralin
C123773	123-77-3	Azodicarbonamide
C95169	95-16-9	Benzothiazole
C118581	118-58-1	Benzyl salicylate
C111966	111-96-6	Bis(2-methoxyethyl) ether
C1675543	1675-54-3	Bisphenol A diglycidyl ether
C52517	52-51-7	Bronopol
C627189	627-18-9	3-Bromo-1-propanol
C110690	110-69-0	Butanal oxime
C110634	110-63-4	"1,4-Butanediol"
C141322	141-32-2	Butyl acrylate
C75649	75-64-9	tert-Butylamine
C2426086	2426-08-6	Butyl glycidyl ether
C614459	614-45-9	tert-Butyl perbenzoate
C98511	98-51-1	4-tert-Butyltoluene
C464493	464-49-3	D-Camphor
C10605217	10605-21-7	Carbendazim
C2675776	2675-77-6	Chloroneb
C106434	106-43-4	4-Chlorotoluene
C98566	98-56-6	1-Chloro-4-(trifluoromethyl)benzene
C69090	69-09-0	Chlorpromazine hydrochloride
C14371109	14371-10-9	(2E)-3-Phenylprop-2-enal
C5392405	5392-40-5	"3,7-Dimethyl-2,6-octadienal"
C64868	64-86-8	Colchicine
C80159	80-15-9	Cumene hydroperoxide
C108805	108-80-5	Cyanuric acid
C66819	66-81-9	Cycloheximide
C6055192	6055-19-2	Cyclophosphamide monohydrate
C69749	69-74-9	Cytarabine hydrochloride
C533744	533-74-4	Dazomet
C124185	124-18-5	Decane
C123422	123-42-2	Diacetone alcohol
C124094	124-09-4	"1,6-Hexanediamine"
C496720	496-72-0	"3,4-Diaminotoluene"
C3252435	3252-43-5	Dibromoacetonitrile
C35691657	35691-65-7	"1,2-Dibromo-2,4-dicyanobutane"
C110054	110-05-4	Di-tert-butyl peroxide
C118525	118-52-5	"1,3-Dichloro-5,5-dimethylhydantoin"
C80079	80-07-9	"4,4'-Dichlorodiphenyl sulfone"
C2782572	2782-57-2	Troclosene
C2893789	2893-78-9	Sodium dichloroisocyanurate
C99547	99-54-7	"3,4-Dichloronitrobenzene"
C583788	583-78-8	"2,5-Dichlorophenol"
C96231	96-23-1	"1,3-Dichloro-2-propanol"
C98873	98-87-3	Benzal chloride
C80433	80-43-3	Dicumyl peroxide
C101837	101-83-7	Dicyclohexylamine
C84617	84-61-7	Dicyclohexyl phthalate
C77736	77-73-6	Dicyclopentadiene
C111773	111-77-3	Diethylene glycol monomethyl ether
C111400	111-40-0	Diethylenetriamine
C122623	122-62-3	Bis(2-ethylhexyl) decanedioate
C84753	84-75-3	Dihexyl phthalate
C108838	108-83-8	Diisobutyl ketone
C119904	119-90-4	"3,3'-Dimethoxybenzidine"
C627930	627-93-0	Dimethyl adipate
C99070	99-07-0	3-Dimethylaminophenol
C109557	109-55-7	3-(Dimethylamino)propylamine
C78637	78-63-7	"2,5-Dimethyl-2,5-di-(tert-butylperoxy)hexane"
C1119400	1119-40-0	Dimethyl glutarate
C28804888	28804-88-8	Dimethylnaphthalene
C83410	83-41-0	"1,2-Dimethyl-3-nitrobenzene"
C99514	99-51-4	"1,2-Dimethyl-4-nitrobenzene"
C89872	89-87-2	"1,3-Dimethyl-4-nitrobenzene"
C140954	140-95-4	Dimethylolurea
C526750	526-75-0	"2,3-Dimethylphenol"
C95874	95-87-4	"2,5-Dimethylphenol"
C108689	108-68-9	"3,5-Dimethylphenol"
C106650	106-65-0	Dimethyl succinate
C102067	102-06-7	"1,3-Diphenylguanidine"
C19780111	19780-11-1	(2-Dodecenyl)succinic anhydride
C25155300	25155-30-0	Sodium dodecylbenzenesulfonate
C24169026	24169-02-6	Econazole nitrate
C17372871	17372-87-1	Eosin
C103695	103-69-5	N-Ethylaniline
C87252	87-25-2	Ethyl anthranilate
C123057	123-05-7	2-Ethylhexanal
C94962	94-96-2	"2-Ethyl-1,3-hexanediol"
C149575	149-57-5	2-Ethylhexanoic acid
C645625	645-62-5	2-Ethyl-2-hexenal
C103117	103-11-7	2-Ethylhexyl acrylate
C1241947	1241-94-7	2-Ethylhexyl diphenyl phosphate
C16219753	16219-75-3	5-Ethylidene-2-norbornene
C75127	75-12-7	Formamide
C98000	98-00-0	Furfuryl alcohol
C111308	111-30-8	Glutaraldehyde
C79141	79-14-1	Glycolic acid
C999973	999-97-3	Hexamethyldisilazane
C6789884	6789-88-4	Hexyl benzoate
C75865	75-86-5	2-Hydroxy-2-methylpropanenitrile
C6088513	6088-51-3	6-Hydroxy-2-naphthyl disulfide
C134316	134-31-6	8-Hydroxyquinoline sulfate
C127071	127-07-1	Hydroxyurea
C14901076	14901-07-6	"4-(2,6,6-Trimethyl-cyclohex-1-enyl)-but-3-en-2-one"
C123922	123-92-2	3-Methylbutyl acetate
C123513	123-51-3	Isopentyl alcohol
C108214	108-21-4	Isopropyl acetate
C51309	51-30-9	Isoproterenol hydrochloride
C78706	78-70-6	Linalool
C60333	60-33-3	Linoleic acid
C463401	463-40-1	Linolenic acid
C118718	118-71-8	Maltol
C134203	134-20-3	Methyl 2-aminobenzoate
C110269	110-26-9	"N,N'-Methylenebisacrylamide"
C6317186	6317-18-6	Methylene bis(thiocyanate)
C93152	93-15-2	Methyleugenol
C4553622	4553-62-2	2-Methylpentanedinitrile
C119368	119-36-8	Methyl salicylate
C122576	122-57-6	Methyl styryl ketone
C4376209	4376-20-9	Mono(2-ethylhexyl) phthalate
C110918	110-91-8	Morpholine
C123353	123-35-3	Myrcene
C88744	88-74-4	2-Nitroaniline
C88722	88-72-2	2-Nitrotoluene
C111842	111-84-2	Nonane
C26530201	26530-20-1	Octhilinone
C112801	112-80-1	Oleic acid
C144627	144-62-7	Oxalic acid
C66717	66-71-7	"1,10-Phenanthroline"
C156434	156-43-4	4-Ethoxyaniline
C95545	95-54-5	"1,2-Phenylenediamine"
C121391	121-39-1	Ethyl 3-phenylglycidate
C90302	90-30-2	N-Phenyl-1-naphthylamine
C101542	101-54-2	"N-Phenyl-1,4-benzenediamine"
C151213	151-21-3	Sodium dodecyl sulfate
C126921	126-92-1	Sodium ethasulfate
C2492264	2492-26-4	Sodium 2-mercaptobenzothiolate
C129179	129-17-9	Sulfan blue
C1401554	1401-55-4	Tannic acid
C100210	100-21-0	Terephthalic acid
C79947	79-94-7	"3,3',5,5'-Tetrabromobisphenol A"
C117088	117-08-8	Tetrachlorophthalic anhydride
C119642	119-64-2	Tetralin
C83670	83-67-0	Theobromine
C68111	68-11-1	Thioglycolic acid
C584849	584-84-9	"Toluene-2,4-diisocyanate"
C95534	95-53-4	2-Methylaniline
C29385431	29385-43-1	Tolyltriazole
C2244215	2244-21-5	Potassium dichloroisocyanurate
C102829	102-82-9	Tributylamine
C87616	87-61-6	"1,2,3-Trichlorobenzene"
C101202	101-20-2	Triclocarban
C111217	111-21-7	Triethylene glycol diacetate
C112492	112-49-2	Triethylene glycol dimethyl ether
C78400	78-40-0	Triethyl phosphate
C552307	552-30-7	Trimellitic anhydride
C75503	75-50-3	Trimethylamine
C603350	603-35-0	Triphenylphosphine
C101020	101-02-0	Triphenyl phosphite
C140089	140-08-9	Tris(2-chloroethyl) phosphite
C13674845	13674-84-5	Tris(2-chloroisopropyl)phosphate
C13674878	13674-87-8	"Tris(1,3-dichloro-2-propyl)phosphate"
C2451629	2451-62-9	Triglycidyl isocyanurate
C3319311	3319-31-1	Tris(2-ethylhexyl) trimellitate
C120149	120-14-9	Veratraldehyde
C108383	108-38-3	"1,3-Dimethylbenzene"
C1300727	1300-72-7	Sodium xylenesulfonate
C87627	87-62-7	"2,6-Dimethylaniline"
C13463417	13463-41-7	Zinc pyrithione
C60128	60-12-8	2-Phenylethanol
C69727	69-72-7	Salicylic acid
C77907	77-90-7	Acetyl tributyl citrate
C78820	78-82-0	2-Methylpropanenitrile
C79925	79-92-5	"2,2-Dimethyl-3-methylenebicyclo[2.2.1]heptane"
C80262	80-26-2	alpha-Terpinyl acetate
C80546	80-54-6	3-(4-tert-Butylphenyl)-2-methylpropanal
C80568	80-56-8	alpha-Pinene
C85405	85-40-5	"1,2,3,6-Tetrahydrophthalimide"
C85416	85-41-6	Phthalimide
C87901	87-90-1	Symclosene
C88186	88-18-6	2-tert-Butylphenol
C88608	88-60-8	2-tert-Butyl-5-methylphenol
C90722	90-72-2	"2,4,6-Tris(dimethylaminomethyl)phenol"
C94280	94-28-0	Triethylene glycol bis(2-ethylhexanoate)
C94600	94-60-0	Dimethyl hexahydroterephthalate
C96764	96-76-4	"2,4-Di-tert-butylphenol"
C98522	98-52-2	4-tert-Butylcyclohexanol
C99627	99-62-7	"1,3-Diisopropylbenzene"
C99638	99-63-8	"1,3-Benzenedicarbonyl dichloride"
C99876	99-87-6	p-Cymene
C99967	99-96-7	4-Hydroxybenzoic acid
C100549	100-54-9	3-Pyridinecarbonitrile
C101860	101-86-0	2-Benzylideneoctanal
C102603	102-60-3	"N,N,N',N'-Tetrakis(2-Hydroxypropyl)ethylenediamine"
C102761	102-76-1	Triacetin
C103093	103-09-3	2-Ethylhexyl acetate
C103242	103-24-2	Bis(2-ethylhexyl) nonanedioate
C103344	103-34-4	"4,4'-Dithiodimorpholine"
C104665	104-66-5	"1,2-Diphenoxyethane"
C106229	106-22-9	Citronellol
C106241	106-24-1	Geraniol
C106252	106-25-2	"(2Z)-3,7-Dimethylocta-2,6-dien-1-ol"
C107460	107-46-0	Hexamethyldisiloxane
C107880	107-88-0	"1,3-Butanediol"
C108112	108-11-2	4-Methyl-2-pentanol
C108327	108-32-7	Propylene carbonate
C108441	108-44-1	3-Methylaniline
C108678	108-67-8	"1,3,5-Trimethylbenzene"
C108770	108-77-0	"2,4,6-Trichloro-s-triazine"
C108985	108-98-5	Benzenethiol
C110270	110-27-0	Isopropyl tetradecanoic acid
C110338	110-33-8	Dihexyl hexanedioate
C110429	110-42-9	Methyl decanoate
C111115	111-11-5	Methyl octanoate
C111206	111-20-6	Decanedioic acid
C111499	111-49-9	Hexamethyleneimine
C111557	111-55-7	"1,2-Ethanediol diacetate"
C111820	111-82-0	Methyl dodecanoate
C112005	112-00-5	Dodecyltrimethylammonium chloride
C112072	112-07-2	2-Butoxyethyl acetate
C112185	112-18-5	"N,N-Dimethyldodecan-1-amine"
C112254	112-25-4	2-(Hexyloxy)ethanol
C112356	112-35-6	2-[2-(2-Methoxyethoxy)ethoxy]ethanol
C112425	112-42-5	1-Undecanol
C112538	112-53-8	1-Dodecanol
C112607	112-60-7	Tetraethylene glycol
C112721	112-72-1	1-Tetradecanol
C115775	115-77-5	Pentaerythritol
C115957	115-95-7	Linalyl acetate
C120558	120-55-8	Diethylene glycol dibenzoate
C120956	120-95-6	"2,4-Bis(2-methylbutan-2-yl)phenol"
C123013	123-01-3	Dodecylbenzene
C123115	123-11-5	4-Methoxybenzaldehyde
C123966	123-96-6	2-Octanol
C124685	124-68-5	2-Amino-2-methylpropan-1-ol
C126114	126-11-4	"2-(Hydroxymethyl)-2-nitro-1,3-propanediol"
C126307	126-30-7	"2,2-Dimethylpropane-1,3-diol"
C126863	126-86-3	"2,4,7,9-Tetramethyl-5-decyne-4,7-diol"
C127515	127-51-5	alpha-Isomethylionone
C128041	128-04-1	Sodium dimethyldithiocarbamate
C128392	128-39-2	"2,6-Di-tert-butylphenol"
C135193	135-19-3	2-Naphthalenol
C139026	139-02-6	Sodium phenolate
C139968	139-96-8	Dodecyl sulfate triethanolamine
C142165	142-16-5	Bis(2-ethylhexyl) maleate
C288880	288-88-0	"1H-1,2,4-Triazole"
C298077	298-07-7	Bis(2-ethylhexyl) phosphate
C328847	328-84-7	"1,2-Dichloro-4-(trifluoromethyl)benzene"
C460004	460-00-4	1-Bromo-4-fluorobenzene
C541026	541-02-6	Decamethylcyclopentasiloxane
C542927	542-92-7	"1,3-Cyclopentadiene"
C544763	544-76-3	Hexadecane
C550447	550-44-7	N-Methylphthalimide
C553264	553-26-4	"4,4'-Bipyridine"
C556616	556-61-6	Methyl isothiocyanate
C556672	556-67-2	Octamethylcyclotetrasiloxane
C579668	579-66-8	"2,6-Diethylaniline"
C586629	586-62-9	Terpinolene
C602017	602-01-7	"2,3-Dinitrotoluene"
C616455	616-45-5	2-Pyrrolidinone
C625558	625-55-8	Isopropyl formate
C628637	628-63-7	Pentyl acetate
C629629	629-62-9	Pentadecane
C629765	629-76-5	1-Pentadecanol
C644973	644-97-3	Phenyl phosphorus dichloride
C683181	683-18-1	Dibutyltin dichloride
C753731	753-73-1	Dimethyltin dichloride
C770354	770-35-4	1-Phenoxy-2-propanol
C824782	824-78-2	Sodium 4-nitrophenolate
C919302	919-30-2	3-Aminopropyltriethoxysilane
C960714	960-71-4	Triphenylborane
C1067534	1067-53-4	Tris(2-methoxyethoxy)vinylsilane
C1111780	1111-78-0	Ammonium carbamate
C1118929	1118-92-9	"N,N-Dimethyloctanamide"
C1120361	1120-36-1	1-Tetradecene
C1300738	1300-73-8	Dimethylaniline
C1330865	1330-86-5	Diisooctyl adipate
C1333397	1333-39-7	Phenolsulfonic acid
C1338438	1338-43-8	"Sorbitan, mono-(9Z)-9-octadecenoate"
C1459934	1459-93-4	Dimethyl isophthalate
C1461229	1461-22-9	Tributyltin chloride
C1559348	1559-34-8	"3,6,9,12-Tetraoxahexadecan-1-ol"
C1563388	1563-38-8	"2,3-Dihydro-2,2-dimethyl-7-benzofuranol"
C1724396	1724-39-6	Cyclododecanol
C1760243	1760-24-3	"N-[3-(Trimethoxysilyl)propyl]ethane-1,2-diamine"
C1843056	1843-05-6	Octabenzone
C2044646	2044-64-6	"N,N-Dimethylacetoacetamide"
C2231574	2231-57-4	Thiocarbazide
C2386870	2386-87-0	UT-632
C2440224	2440-22-4	2-(2H-Benzotriazol-2-yl)-4-methylphenol
C2687254	2687-25-4	"2,3-Diaminotoluene"
C2702729	2702-72-9	"2,4-D sodium salt"
C2807309	2807-30-9	2-Propoxyethanol
C3147759	3147-75-9	Octrizole
C3164850	3164-85-0	Potassium 2-ethylhexanoate
C3194556	3194-55-6	"1,2,5,6,9,10-Hexabromocyclododecane"
C3268493	3268-49-3	3-(Methylthio)propanal
C3622842	3622-84-2	N-Butylbenzenesulfonamide
C3926623	3926-62-3	Sodium chloroacetate
C4904614	4904-61-4	"1,5,9-Cyclododecatriene"
C5216251	5216-25-1	4-Chlorobenzotrichloride
C5915413	5915-41-3	Terbuthylazine
C6422862	6422-86-2	Bis(2-ethylhexyl) terephthalate
C6683198	6683-19-8	Irganox 1010
C6846500	6846-50-0	"2,2,4-Trimethyl-1,3-pentanediol diisobutyrate"
C6915157	6915-15-7	Malic acid
C7398698	7398-69-8	Dimethyldiallylammonium chloride
C7659861	7659-86-1	2-Ethylhexyl sulfanylacetate
C9004960	9004-96-0	Polyoxyethylene monoleate
C10081671	10081-67-1	4-(2-Phenylpropan-2-yl)-N-[4-(2-phenylpropan-2-yl)phenyl]aniline
C12108133	12108-13-3	"Manganese, tricarbonyl[(1,2,3,4,5-.eta.)-1-methyl-2,4-cyclopentadien-1-yl]-"
C13826352	13826-35-2	3-Phenoxybenzenemethanol
C15214898	15214-89-8	2-Acrylamido-2-methyl-1-propanesulfonic acid
C15708415	15708-41-5	Ethylenediaminetetraacetic acid ferric sodium salt
C17796826	17796-82-6	N-(Cyclohexylthio)phthalimide
C23386529	23386-52-9	Dicyclohexyl sodium sulfosuccinate
C24549062	24549-06-2	2-Ethyl-6-methylaniline
C24800440	24800-44-0	Tripropylene glycol
C25168052	25168-05-2	Chlorotoluene
C25265718	25265-71-8	Dipropylene glycol
C25322694	25322-69-4	Polypropylene glycol
C25360105	25360-10-5	tert-Nonanethiol
C25496724	25496-72-4	Glyceryl monooleate
C25550985	25550-98-5	Diisodecylphenyl phosphite
C26040517	26040-51-7	Bis(2-ethylhexyl) tetrabromophthalate
C26264062	26264-06-2	Calcium dodecylbenzene sulfonate
C26447109	26447-10-9	Ammonium xylene sulfonate
C26896208	26896-20-8	Neodecanoic acid
C27090637	27090-63-7	"N,N,N',N'-Tetrabutyl-1,6-hexanediamine"
C27138314	27138-31-4	Di(propylene glycol) dibenzoate
C27176870	27176-87-0	Dodecylbenzenesulfonic acid
C27193868	27193-86-8	Dodecylphenol
C27323417	27323-41-7	Dodecylbenzene sulfonate triethanolamine (1:1)
C29590429	29590-42-9	Isooctyl acrylate
C30399849	30399-84-9	Isooctadecanoic acid
C33703081	33703-08-1	"Hexanedioic acid, diisononyl ester"
C34590948	34590-94-8	"Propanol, 1(or 2)-(2-methoxymethylethoxy)-"
C36653824	36653-82-4	1-Hexadecanol
C37764253	37764-25-3	Dichlormid
C51632167	51632-16-7	1-(Bromomethyl)-3-phenoxybenzene
C53894238	53894-23-8	Triisononyl trimellitate
C55406536	55406-53-6	3-Iodo-2-propynyl-N-butylcarbamate
C68515480	68515-48-0	DINP branched
C68515491	68515-49-1	"1,2-Benzenedicarboxylic acid, di-C9-11-branched alkyl esters, C10-rich"
C68609972	68609-97-2	C12-14-Alkyl glycidyl ether
C84852153	84852-15-3	"4-Nonylphenol, branched"
C70553	70-55-3	4-Toluenesulfonamide
C78693	78-69-3	"3,7-Dimethyl-3-octanol"
C95932	95-93-2	"1,2,4,5-Tetramethylbenzene"
C97994	97-99-4	Tetrahydrofurfuryl alcohol
C99934	99-93-4	4-Hydroxyacetophenone
C108598	108-59-8	Dimethyl malonate
C109024	109-02-4	4-Methylmorpholine
C120514	120-51-4	Benzyl benzoate
C120923	120-92-3	Cyclopentanone
C122407	122-40-7	Pentylcinnamaldehyde
C123171	123-17-1	"2,6,8-Trimethyl-4-nonanol"
C127399	127-39-9	"Sodium 1,4-diisobutyl sulfosuccinate"
C137428	137-42-8	Metam-sodium
C141797	141-79-7	4-Methylpent-3-en-2-one
C1118463	1118-46-3	Butyltin trichloride
C1335462	1335-46-2	"Ionone, methyl-"
C1569013	1569-01-3	1-Propoxy-2-propanol
C1702176	1702-17-6	Clopyralid
C1742149	1742-14-9	"1,1-Bis(3,4-dimethylphenyl)ethane"
C2772454	2772-45-4	"2,4-Bis(1-methyl-1-phenylethyl)phenol"
C2943751	2943-75-1	Triethoxyoctylsilane
C4130421	4130-42-1	"2,6-Di-tert-butyl-4-ethylphenol"
C7747355	7747-35-5	"5-Ethyl-1-aza-3,7-dioxabicyclo[3.3.0]octane"
C7785264	7785-26-4	(-)-alpha-Pinene
C9004824	9004-82-4	Sodium lauryl polyoxyethylene ether sulfate
C10042598	10042-59-8	2-Propyl-1-heptanol
C11099073	11099-07-3	Glyceryl stearates
C24851987	24851-98-7	Methyl dihydrojasmonate
C25498491	25498-49-1	Tripropylene glycol monomethyl ether
C32388559	32388-55-9	1-Cedr-8-en-9-ylethanone
C78491028	78491-02-8	Diazolidinyl urea
C85507795	85507-79-5	"Phthalic acid, diundecyl ester, branched and linear"
C98730042	98730-04-2	Benoxacor
C79390	79-39-0	Methacrylamide
C120569	120-56-9	Triethylene glycol dibenzoate
C138863	138-86-3	Limonene
C288324	288-32-4	Imidazole
C1477550	1477-55-0	"1,3-Benzenedimethanamine"
C1490046	1490-04-6	Menthol
C1762954	1762-95-4	"Thiocyanic acid, ammonium salt"
C3452979	3452-97-9	"3,5,5-Trimethyl-1-hexanol"
C7631869	7631-86-9	Silica
C7757791	7757-79-1	Potassium nitrate
C7775271	7775-27-1	Sodium persulfate
C29387868	29387-86-8	Propylene glycol monobutyl ether
C51580860	51580-86-0	Sodium dichloro-s-triazinetrione dihydrate
C108419336	108419-33-6	"Acetic acid, C8-10-branched alkyl esters, C9-rich"
C23593751	23593-75-1	Clotrimazole
C49562289	49562-28-9	Fenofibrate
C65277421	65277-42-1	Ketoconazole
C678397	678-39-7	"1,1,2,2-Tetrahydroperfluoro-1-decanol"
C594207	594-20-7	"2,2-Dichloropropane"
C626437	626-43-7	"3,5-Dichloroaniline"
C55589623	55589-62-3	Acesulfame potassium
C10016203	10016-20-3	alpha-Cyclodextrin
C131180	131-18-0	Dipentyl phthalate
C6385622	6385-62-2	Diquat dibromide monohydrate
C496468	496-46-8	Glycoluril
C335762	335-76-2	PFDA
C307244	307-24-4	PFHxA
C375951	375-95-1	PFNA
C1763231	1763-23-1	PFOS
C335671	335-67-1	PFOA
C13311847	13311-84-7	Flutamide
C107534963	107534-96-3	Tebuconazole
C53939289	53939-28-9	(Z)-11-Hexadecenal
C1929733	1929-73-3	"2,4-D-Butotyl"
C64359815	64359-81-5	"4,5-Dichloro-2-octyl-3(2H)-isothiazolone"
C88040	88-04-0	"4-Chloro-3,5-dimethylphenol"
C22781233	22781-23-3	Bendiocarb
C741582	741-58-2	Bensulide
C33629479	33629-47-9	Butralin
C54593838	54593-83-8	Chlorethoxyfos
C56951	56-95-1	Chlorhexidine diacetate
C3691358	3691-35-8	Chlorophacinone
C5598130	5598-13-0	Chlorpyrifos-methyl
C105512069	105512-06-9	Clodinafop-propargyl mixt.
C81777891	81777-89-1	Clomazone
C1134232	1134-23-2	Cycloate
C57966957	57966-95-7	Cymoxanil
C121552612	121552-61-2	Cyprodinil
C10222012	10222-01-2	"2,2-Dibromo-3-nitrilopropionamide"
C1194656	1194-65-6	Dichlobenil
C119446683	119446-68-3	Difenoconazole
C87674688	87674-68-8	Dimethenamid
C97886458	97886-45-8	Dithiopyr
C55283686	55283-68-6	Ethalfluralin
C4602840	4602-84-0	Farnesol
C60168889	60168-88-9	Fenarimol
C66441234	66441-23-4	Fenoxaprop-ethyl
C72490018	72490-01-8	Fenoxycarb
C131341861	131341-86-1	Fludioxonil
C23422539	23422-53-9	Formetanate hydrochloride
C81405858	81405-85-8	Imazmethabenz
C28159980	28159-98-0	Cybutryne
C104206828	104206-82-8	Mesotrione
C87392129	87392-12-9	S-Metolachlor
C138261413	138261-41-3	Imidacloprid
C298022	298-02-2	Phorate
C41198087	41198-08-7	Profenofos
C31218834	31218-83-4	Propetamphos
C96182535	96182-53-5	Tebupirimfos
C3383968	3383-96-8	Temephos
C117718602	117718-60-2	Thiazopyr
C55219653	55219-65-3	Triadimenol
C55335063	55335-06-3	Triclopyr
C3380345	3380-34-5	Triclosan
C68694111	68694-11-1	Triflumizole
C7779273	7779-27-3	"1,3,5-Triethylhexahydro-s-triazine"
C85264331	85264-33-1	"(3,5-Dimethyl-1H-pyrazol-1-yl)methanol"
C643798	643-79-8	"1,2-Benzenedicarboxaldehyde"
C3547339	3547-33-9	2-Hydroxyethyl octyl sulfide
C1192525	1192-52-5	"4,5-Dichloro-3H-1,2-dithiol-3-one"
C135158542	135158-54-2	Acibenzolar-S-methyl
C131860338	131860-33-8	Azoxystrobin
C2634335	2634-33-5	"1,2-Benzisothiazolin-3-one"
C149877418	149877-41-8	Bifenazate
C116255482	116255-48-2	Bromuconazole
C128639021	128639-02-1	Carfentrazone-ethyl
C122453730	122453-73-0	Chlorfenapyr
C95266403	95266-40-3	Trinexapac-ethyl
C7173515	7173-51-5	Didecyldimethylammonium chloride
C136458	136-45-8	"Dipropyl pyridine-2,5-dicarboxylate"
C2593159	2593-15-9	Etridiazole
C114369436	114369-43-6	Fenbuconazole
C126833178	126833-17-8	Fenhexamid
C111812589	111812-58-9	"Fenpyroximate (Z,E)"
C79622596	79622-59-6	Fluazinam
C142459583	142459-58-3	Flufenacet
C62924703	62924-70-3	Flumetralin
C87546187	87546-18-7	Flumiclorac-pentyl
C103361097	103361-09-7	Flumioxazin
C117337196	117337-19-6	Fluthiacet-methyl
C143390890	143390-89-0	Kresoxim-methyl
C91465086	91465-08-6	lambda-Cyhalothrin
C113484	113-48-4	MGK-264
C23103982	23103-98-2	Pirimicarb
C23031369	23031-36-9	Prallethrin
C96489713	96489-71-3	Pyridaben
C79538322	79538-32-2	Tefluthrin
C59669260	59669-26-0	Thiodicarb
C64700567	64700-56-7	Triclopyr-butotyl
C141517217	141517-21-7	Trifloxystrobin
C156052685	156052-68-5	Zoxamide
C16079882	16079-88-2	"Bromo-3-chloro-5,5-dimethylhydantoin"
C113136779	113136-77-9	Cyclanilide
C94361065	94361-06-5	Cyproconazole
C51338273	51338-27-3	Diclofop-methyl
C80844071	80844-07-1	Etofenprox
C13194484	13194-48-4	Ethoprop
C122145	122-14-5	Fenitrothion
C98967409	98967-40-9	Flumetsulam
C112226616	112226-61-6	Halofenozide
C86479063	86479-06-3	Hexaflumuron
C161050584	161050-58-4	Methoxyfenozide
C1214397	1214-39-7	N-Benzyladenine
C123312890	123312-89-0	Pymetrozine
C175013180	175013-18-0	Pyraclostrobin
C55512339	55512-33-9	Pyridate
C95737681	95737-68-1	Pyriproxyfen
C84087014	84087-01-4	Quinclorac
C122836355	122836-35-5	Sulfentrazone
C4151502	4151-50-2	Sulfluramid
C21564170	21564-17-0	2-(Thiocyanomethylthio)benzothiazole
C22248799	22248-79-9	Z-Tetrachlorvinphos
C7696120	7696-12-0	Tetramethrin
C51707552	51707-55-2	Thidiazuron
C26644462	26644-46-2	Triforine
C131983727	131983-72-7	Triticonazole
C66230044	66230-04-4	Esfenvalerate
C123343168	123343-16-8	Pyrithiobac-sodium
C35400432	35400-43-2	Sulprofos
C7786347	7786-34-7	Mevinphos
C26002802	26002-80-2	Phenothrin
C173584446	173584-44-6	Indoxacarb
C584134	584-13-4	"4-Amino-1,2,4-triazole"
C1646873	1646-87-3	Aldicarb sulfoxide
C96413	96-41-3	Cyclopentanol
C52806538	52806-53-8	Hydroxyflutamide
C58184	58-18-4	17-Methyltestosterone
C104405	104-40-5	4-Nonylphenol
C32809168	32809-16-8	Procymidone
C5329146	5329-14-6	Sulfamic acid
C52868	52-86-8	Haloperidol
C63612500	63612-50-0	Nilutamide
C82640048	82640-04-8	Raloxifene hydrochloride
C52017	52-01-7	Spironolactone
C10540291	10540-29-1	Tamoxifen
C10161338	10161-33-8	17beta-Trenbolone
C29091212	29091-21-2	Prodiamine
C118134308	118134-30-8	Spiroxamine
C119168773	119168-77-3	Tebufenpyrad
C119515387	119515-38-7	Icaridin
C104610	104-61-0	gamma-Nonanolactone
C101100	101-10-0	Cloprop
C149979419	149979-41-9	Tepraloxydim
C79572	79-57-2	Oxytetracycline
C57754855	57754-85-5	Clopyralid-olamine
C104098488	104098-48-8	Imazapic
C122883	122-88-3	4-Chlorophenoxyacetic acid
C26172554	26172-55-4	5-Chloro-2-methyl-3(2H)-isothiazolone
C104676	104-67-6	5-Heptyldihydro-2(3H)-furanone
C135410207	135410-20-7	Acetamiprid
C81406373	81406-37-3	Fluroxypyr-meptyl
C14816183	14816-18-3	Phoxim
C103055078	103055-07-8	Lufenuron
C90823384	90823-38-4	Denatonium saccharide
C134605644	134605-64-4	Butafenacil
C3734336	3734-33-6	Denatonium benzoate
C125401925	125401-92-5	Bispyribac-sodium
C188425856	188425-85-6	Boscalid
C69327760	69327-76-0	Buprofezin
C23184669	23184-66-9	Butachlor
C87818313	87818-31-3	Cinmethylin
C210880925	210880-92-5	Clothianidin
C420042	420-04-2	Cyanamide
C120116883	120116-88-3	Cyazofamid
C125116236	125116-23-6	Metconazole
C122008859	122008-85-9	Cyhalofop-butyl
C13684565	13684-56-5	Desmedipham
C145701219	145701-21-9	Diclosulam
C23564069	23564-06-9	Thiophanate
C110488705	110488-70-5	Dimethomorph
C165252700	165252-70-0	Dinotefuran
C155569918	155569-91-8	Emamectin benzoate
C2491385	2491-38-5	2-Bromo-4-hydroxyacetophenone
C26225796	26225-79-6	Ethofumesate
C2122705	2122-70-5	Ethyl 1-naphthaleneacetate
C153233911	153233-91-1	Etoxazole
C131807573	131807-57-3	Famoxadone
C161326347	161326-34-7	Fenamidone
C71283802	71283-80-2	Fenoxaprop-P-ethyl
C67564914	67564-91-4	"(2R,6S)-Fenpropimorph"
C120068373	120068-37-3	Fipronil
C69806504	69806-50-4	Fluazifop-butyl
C181274179	181274-17-9	Flucarbazone-sodium
C188489078	188489-07-8	Flufenpyr-ethyl
C361377299	361377-29-9	Fluoxastrobin
C69377817	69377-81-7	Fluroxypyr
C68157608	68157-60-8	Forchlorfenuron
C79983714	79983-71-4	Hexaconazole
C114311329	114311-32-9	Imazamox
C81334341	81334-34-1	Imazapyr
C144550367	144550-36-7	Iodosulfuron-methyl-sodium
C125225287	125225-28-7	Ipconazole
C42509808	42509-80-8	Isazofos
C8018017	8018-01-7	Mancozeb
C3653483	3653-48-3	MCPA-sodium
C210631688	210631-68-8	Topramezone
C141112290	141112-29-0	Isoxaflutole
C111991094	111991-09-4	Nicosulfuron
C116714466	116714-46-6	Novaluron
C219714962	219714-96-2	Penoxsulam
C6923224	6923-22-4	Monocrotophos
C35575963	35575-96-3	Azamethiphos
C25606411	25606-41-1	Propamocarb hydrochloride
C79241466	79241-46-6	Fluazifop-P-butyl
C181274157	181274-15-7	Propoxycarbazone-sodium
C129630199	129630-19-9	Pyraflufen-ethyl
C1698608	1698-60-8	Chloridazon
C53112280	53112-28-0	Pyrimethanil
C124495187	124495-18-7	Quinoxyfen
C650511	650-51-1	Sodium trichloroacetate
C148477718	148477-71-8	Spirodiclofen
C283594901	283594-90-1	Spiromesifen
C98886443	98886-44-3	Fosthiazate
C112410238	112410-23-8	Tebufenozide
C112281773	112281-77-3	Tetraconazole
C111988499	111988-49-9	Thiacloprid
C153719234	153719-23-4	Thiamethoxam
C89838	89-83-8	Thymol
C87820880	87820-88-0	Tralkoxydim
C4342363	4342-36-3	Tributyltin benzoate
C81741288	81741-28-8	Tributyltetradecylphosphonium chloride
C112389	112-38-9	10-Undecenoic acid
C129066	129-06-6	Sodium warfarin
C116256	116-25-6	"1-(Hydroxymethyl)-5,5-dimethylhydantoin"
C127413	127-41-3	alpha-Ionone
C525791	525-79-1	Kinetin
C584792	584-79-2	Allethrin
C2155706	2155-70-6	Tributyltin methacrylate
C3391864	3391-86-4	1-Octen-3-ol
C24157811	24157-81-1	"2,6-Diisopropylnaphthalene"
C33956499	33956-49-9	Codlelure
C77485	77-48-5	"1,3-Dibromo-5,5-dimethylhydantoin"
C571584	571-58-4	"1,4-Dimethylnaphthalene"
C68959206	68959-20-6	Disiquonium chloride 
C824395	824-39-5	Sodium 2-nitrophenolate
C25155184	25155-18-4	Methylbenzethonium chloride
C51229788	51229-78-8	Chloroallyl methenamine chloride
C68359375	68359-37-5	Cyfluthrin
C88415	88-41-5	2-tert-Butylcyclohexyl acetate
C95385	95-38-5	"1H-Imidazole-1-ethanol, 2-(8-heptadecenyl)-4,5-dihydro-"
C142314	142-31-4	Sodium octyl sulfate
C142870	142-87-0	Sodium decyl sulfate
C5146667	5146-66-7	"2,6-Octadienenitrile, 3,7-dimethyl-"
C5333426	5333-42-6	2-Octyl-1-dodecanol
C7378996	7378-99-6	"N,N-Dimethyloctylamine"
C2687947	2687-94-7	N-Octyl-2-pyrrolidone
C27344418	27344-41-8	"Disodium 4,4'-bis(2-sulfostyryl)biphenyl"
C797637	797-63-7	Norgestrel
C57852	57-85-2	Testosterone propionate
C26027383	26027-38-3	Polyoxyethylene(10)nonylphenyl ether
C141048	141-04-8	Diisobutyl adipate
C57090	57-09-0	Hexadecyltrimethylammonium bromide
C68392358	68392-35-8	4-Hydroxytamoxifen
C19774824	19774-82-4	Amiodarone hydrochloride
C15307796	15307-79-6	Diclofenac sodium
C1434544	1434-54-4	Pregnenolone carbonitrile
C375859	375-85-9	Perfluoroheptanoic acid
C6190654	6190-65-4	Deethylatrazine
C1007289	1007-28-9	Deisopropylatrazine
C962583	962-58-3	Diazoxon
C959988	959-98-8	Endosulfan I
C1031078	1031-07-8	Endosulfan sulfate
C101428	101-42-8	Fenuron
C55814410	55814-41-0	Mepronil
C2795393	2795-39-3	PFOS-K
C29420493	29420-49-3	PFBS-K
C3825261	3825-26-1	"PFOA, ammonium salt"
C3871996	3871-99-6	PFHS-K
C27955948	27955-94-8	"4,4',4""-Ethane-1,1,1-triyltriphenol"
C1987504	1987-50-4	4-Heptylphenol
C1478611	1478-61-1	Bisphenol AF
C31519229	31519-22-9	"1,4-Dihydroxy-2-naphthoic acid"
C87183	87-18-3	4-tert-Butylphenyl salicylate
C4638486	4638-48-6	5-Chlorosalicylanilide
C744456	744-45-6	Diphenyl isophthalate
C101371	101-37-1	"2,4,6-Tris(allyloxy)-1,3,5-triazine"
C5315797	5315-79-7	1-Hydroxypyrene
C3739386	3739-38-6	3-Phenoxybenzoic acid
C5598152	5598-15-2	Chlorpyrifos oxon
C93890	93-89-0	Ethyl benzoate
C97529	97-52-9	2-Methoxy-4-nitroaniline
C123251	123-25-1	Diethyl butanedioate
C1076977	1076-97-7	"1,4-Cyclohexanedicarboxylic acid"
C2554065	2554-06-5	"1,3,5,7-Tetramethyl-1,3,5,7-tetravinylcyclotetrasiloxane"
C2627954	2627-95-4	"1,3-Divinyl-1,1,3,3-tetramethyl disiloxane"
C10094345	10094-34-5	"1,1-Dimethyl-2-phenylethyl butanoate"
C88244	88-24-4	"2,2'-Methylenebis(ethyl-6-tert-butylphenol)"
C633965	633-96-5	C.I. Acid Orange 7
C2321075	2321-07-5	Fluorescein
C2390605	2390-60-5	Basic Blue 7
C6259763	6259-76-3	Hexyl salicylate
C754916	754-91-6	PFOSA
C116063	116-06-3	Aldicarb
C28434006	28434-00-6	S-Bioallethrin
C4376185	4376-18-5	Monomethyl phthalate
C131704	131-70-4	Monobutyl phthalate
C105373	105-37-3	Ethyl propionate
C105544	105-54-4	Ethyl butyrate
C106309	106-30-9	Ethyl heptanoate
C39236469	39236-46-9	Imidazolidinyl urea
C199119589	199119-58-9	Trifloxysulfuron-sodium
C118934	118-93-4	2-Hydroxyacetophenone
C4437858	4437-85-8	Butylene carbonate
C5437456	5437-45-6	Benzyl bromoacetate
C39300453	39300-45-3	Dinocap
C163520330	163520-33-0	Isoxadifen-ethyl
C6734801	6734-80-1	Metam-sodium hydrate
C50657	50-65-7	Niclosamide
C83657243	83657-24-3	Diniconazole
C140567	140-56-7	Fenaminosulf
C133855988	133855-98-8	Epoxiconazole
C66575299	66575-29-9	Forskolin
C27306781	27306-78-1	Silwet L77
C136607	136-60-7	Butyl benzoate
C2996921	2996-92-1	Trimethoxyphenylsilane
C77930	77-93-0	Triethyl citrate
C33228443	33228-44-3	4-Pentylaniline
C33228454	33228-45-4	4-Hexylaniline
C107517	107-51-7	Octamethyltrisiloxane
C87241	87-24-1	Ethyl 2-methylbenzoate
C1034011	1034-01-1	Octyl gallate
C5349519	5349-51-9	4-(2-Methylbutan-2-yl)cyclohexanol
C92682	92-68-2	4-Cyclohexylcyclohexanone
C2433149	2433-14-9	4-Cyclohexylcyclohexanol
C605458	605-45-8	Diisopropyl phthalate
C124947	124-94-7	Triamcinolone
C68962	68-96-2	17alpha-Hydroxyprogesterone
C8000417	8000-41-7	Terpineol
C654055013	654055-01-3	Morin hydrate
C121006	121-00-6	2-tert-Butyl-4-methoxyphenol
C58560	58-56-0	Pyridoxine hydrochloride
C6152336	6152-33-6	Sodium 2-phenylphenate tetrahydrate
C7080504	7080-50-4	Chloramine-T trihydrate
C85532758	85532-75-8	PK 11195
C7681825	7681-82-5	Sodium iodide
C129298915	129298-91-5	TNP-470
C18172673	18172-67-3	(-)-beta-Pinene
C705602	705-60-2	(2-Nitro-1-propenyl)benzene
C94917	94-91-7	"N,N'-Disalicylidene-1,2-diaminopropane"
C58846778	58846-77-8	Decyl beta-D-glucopyranoside
C99854	99-85-4	gamma-Terpinene
C717748	717-74-8	"1,3,5-Triisopropylbenzene"
C99865	99-86-5	alpha-Terpinene
C120467	120-46-7	"1,3-Diphenyl-1,3-propanedione"
C88584	88-58-4	"2,5-Di-tert-butylbenzene-1,4-diol"
C14233375	14233-37-5	"1,4-Bis(N-isopropylamino)anthraquinone"
C128950	128-95-0	"1,4-Diaminoanthraquinone"
C2425776	2425-77-6	2-Hexyl-1-decanol
C1569024	1569-02-4	1-Ethoxy-2-propanol
C58430947	58430-94-7	"3,5,5-Trimethylhexyl acetate"
C118478	118-47-8	"1H-Pyrazole-3-carboxylic acid, 4,5-dihydro-5-oxo-1-(4-sulfophenyl)-"
C941695	941-69-5	"1-Phenyl-1H-pyrrole-2,5-dione"
C142187	142-18-7	1-Monolaurin
C4574043	4574-04-3	"Myristyltrimethylammonium chlorideN,N,N-Trimethyltetradecan-1-aminium chloride"
C120650	120-65-0	2-((Dimethylamino)methyl)phenol
C695067	695-06-7	gamma-Caprolactone
C7011838	7011-83-8	"2(3H)-Furanone, 5-hexyldihydro-5-methyl-"
C68169039	68169-03-9	2-(Dihydrocyclopentadienyloxy)ethyl methacrylate
C131555	131-55-5	"2,2',4,4'-Tetrahydroxybenzophenone"
C533233	533-23-3	"2,4-D-ethyl ester"
C3025307	3025-30-7	"Ethyl (2E,4Z)-deca-2,4-dienoate"
C5394365	5394-36-5	5-Ethyl-5-methylhydantoin
C24602866	24602-86-6	Tridemorph
C489010	489-01-0	"2,6-Di-tert-butyl-4-methoxyphenol"
C93083	93-08-3	2'-Acetonaphthone
C587655	587-65-5	2-Chloro-N-phenylacetamide
C6485401	6485-40-1	R-(-)-Carvone
C487069	487-06-9	"5,7-Dimethoxy-2H-chromen-2-one"
C87014	87-01-4	7-(Dimethylamino)-4-methylcoumarin
C13254347	13254-34-7	"2,6-Dimethyl-2-heptanol"
C6728263	6728-26-3	(2E)-2-Hexenal
C110872	110-87-2	"3,4-Dihydro-2H-pyran"
C2445774	2445-77-4	2-Methylbutyl isovalerate
C532025	532-02-5	Sodium 2-naphthalenesulfonate
C107540	107-54-0	"3,5-Dimethyl-1-hexyn-3-ol"
C3681718	3681-71-8	(3Z)-3-Hexenyl acetate
C20780487	20780-48-7	"3,7-Dimethyloctan-3-yl acetate"
C104541	104-54-1	3-Phenyl-2-propen-1-ol
C4468422	4468-42-2	3-Phenylhexane
C140385	140-38-5	4-Chlorophenylurea
C21662099	21662-09-9	(4Z)-4-Decenal
C4940118	4940-11-8	2-Ethyl-3-hydroxy-4H-pyran-4-one
C123002	123-00-2	4-Morpholinepropanamine
C139888	139-88-8	"7-Ethyl-2-methyl-4-undecanolsulfate, sodium salt"
C21145777	21145-77-7	"6-Acetyl-1,1,2,4,4,7-hexamethyltetralin"
C7540514	7540-51-4	(S)-(-)-beta-Citronellol
C53219219	53219-21-9	"7-Octen-2-ol, 2-methyl-6-methylene-, dihydro deriv."
C141220	141-22-0	"9-Octadecenoic acid, 12-hydroxy-, (9Z,12R)-"
C540181	540-18-1	Pentyl butyrate
C147819	147-81-9	Arabinose
C137666	137-66-6	Ascorbyl palmitate
C15310017	15310-01-7	Benodanil
C93925	93-92-5	"Benzenemethanol, alpha-methyl-, acetate"
C827214	827-21-4	"Benzenesulfonic acid, 2,4-dimethyl-, sodium salt"
C609541	609-54-1	"2,5-Dimethylbenzenesulfonic acid"
C1008726	1008-72-6	Sodium 2-formylbenzenesulfonate
C6359906	6359-90-6	"C.I. Acid Yellow 34, monosodium salt"
C4707475	4707-47-5	"Methyl 2,4-dihydroxy-3,6-dimethylbenzoate"
C611201	611-20-1	"Benzonitrile, 2-hydroxy-"
C103413	103-41-3	Benzyl cinnamate
C76493	76-49-3	Bornyl acetate
C115399	115-39-9	Bromophenol blue
C35256850	35256-85-0	Butam
C25638179	25638-17-9	Butylnaphthalenesulfonic acid sodium salt
C1320076	1320-07-6	"C.I. Acid Orange 24, monosodium salt"
C5850862	5850-86-2	"C.I. Acid Orange 8, monosodium salt"
C6625463	6625-46-3	"C.I. Acid Violet 12, disodium salt"
C6359984	6359-98-4	"C.I. Acid Yellow 17, disodium salt"
C8004920	8004-92-0	C.I. Acid Yellow 3 disodium salt
C2610119	2610-11-9	C.I. Direct Red 81 disodium salt
C2870328	2870-32-8	C.I. Direct Yellow 12
C106230	106-23-0	Citronellal
C99607702	99607-70-2	Cloquintocet-mexyl
C116029	116-02-9	"3,3,5-Trimethylcyclohexanol"
C14765301	14765-30-1	2-sec-Butylcyclohexanone
C109433	109-43-3	Dibutyl decanedioate
C762049	762-04-9	Diethyl phosphite
C151053	151-05-3	Dimethylbenzylcarbinyl acetate
C4712554	4712-55-4	Diphenyl phosphite
C101815	101-81-5	Diphenylmethane
C10025748	10025-74-8	Dysprosium(III) chloride
C1559359	1559-35-9	2-(2-Ethylhexyloxy)ethanol
C106683	106-68-3	3-Octanone
C139877	139-87-7	Ethyl diethanolamine
C122510	122-51-0	Ethyl orthoformate
C78079	78-07-9	Ethyltriethoxysilane
C1632731	1632-73-1	Fenchol
C101463698	101463-69-8	Flufenoxuron
C144490	144-49-0	Fluoroacetic acid
C1323382	1323-38-2	Glyceryl monoricinoleate
C97789	97-78-9	N-Dodecanoyl-N-methylglycine
C5870939	5870-93-9	Heptyl butanoate
C95136	95-13-6	Indene
C106274	106-27-4	Isopentyl butyrate
C124765	124-76-5	Isoborneol
C125122	125-12-2	Isobornyl acetate
C2756561	2756-56-1	Isobornyl propanoate
C499752	499-75-2	Isopropyl-o-cresol
C59227893	59227-89-3	Laurocapram
C23089261	23089-26-1	Levomenol
C6706598	6706-59-8	L-Glucitol
C110235477	110235-47-7	Mepanipyrim
C587859	587-85-9	Diphenylmercury(II)
C493527	493-52-7	Methyl red
C877247	877-24-7	Monopotassium phthalate
C5116949	5116-94-9	Monotridecyl phosphate
C1541817	1541-81-7	4-Dodecylmorpholine
C109466	109-46-6	"N,N'-Dibutylthiourea"
C4107986	4107-98-6	"N,N-Diisopropylaniline"
C2605790	2605-79-0	"N,N-Dimethyldecylamine oxide"
C534134	534-13-4	"N,N'-Dimethylthiourea"
C138227	138-22-7	Butyl lactate
C1907659	1907-65-9	N-Butyl-p-toluenesulfonamide
C2687969	2687-96-9	1-Dodecyl-2-pyrrolidinone
C4455269	4455-26-9	N-Methyldioctylamine
C103651	103-65-1	Propylbenzene
C107755	107-75-5	"7-Hydroxy-3,7-dimethyloctanal"
C29836268	29836-26-8	Octyl beta-D-glucopyranoside
C110258	110-25-8	Oleyl sarcosine
C2934056	2934-05-6	"2,4-Diisopropylphenol"
C94713	94-71-3	2-Ethoxyphenol
C99898	99-89-8	4-Isopropylphenol
C104450	104-45-0	4-Propylanisole
C34451199	34451-19-9	Butyl (2S)-2-hydroxypropanoate
C2110181	2110-18-1	2-(3-Phenylpropyl)pyridine
C81889	81-88-9	Rhodamine B
C1112396	1112-39-6	Dimethoxydimethylsilane
C682019	682-01-9	Tetrapropyl orthosilicate
C3811732	3811-73-2	Sodium (2-pyridylthio)-N-oxide
C130143	130-14-3	Sodium 1-naphthalenesulfonate
C14351667	14351-66-7	Sodium abietate
C1120010	1120-01-0	Sodium hexyldecyl sulfate
C512425	512-42-5	Sodium methyl sulfate
C657841	657-84-1	Sodium 4-methylbenzenesulfonate
C1191500	1191-50-0	Sodium myristyl sulfate
C3026639	3026-63-9	Sodium tridecyl sulfate
C93561	93-56-1	Styrene glycol
C126147	126-14-7	Sucrose octaacetate
C59405	59-40-5	Sulfaquinoxaline
C5138181	5138-18-1	Sulfosuccinic acid
C4065456	4065-45-6	Sulisobenzone
C589684	589-68-4	"Tetradecanoic acid, 2,3-dihydroxypropyl ester"
C2031676	2031-67-6	Triethoxymethylsilane
C2761242	2761-24-2	Triethoxypentylsilane
C1067250	1067-25-0	Trimethoxypropylsilane
C55934935	55934-93-5	Tripropylene glycol butyl ether
C64108	64-10-8	"Urea, phenyl-"
C4449518	4449-51-8	Cyclopamine
C630568	630-56-8	Hydroxyprogesterone caproate
C2528167	2528-16-7	Monobenzyl phthalate
C112141	112-14-1	Octyl acetate
C112529154	112529-15-4	Pioglitazone hydrochloride
C134523038	134523-03-8	Atorvastatin calcium
C6610293	6610-29-3	N-Methylhydrazinecarbothioamide
C88697	88-69-7	2-Isopropylphenol
C98533	98-53-3	4-tert-Butylcyclohexanone
C451401	451-40-1	"1,2-Diphenylethanone"
C51058	51-05-8	Procaine hydrochloride
C56375792	56375-79-2	"N,N-Dibutyl-N-methylbutan-1-aminium chloride"
C5137553	5137-55-3	Methyltrioctylammonium chloride
C13171001	13171-00-1	"1-(6-tert-Butyl-1,1-dimethyl-2,3-dihydro-1H-inden-4-yl)ethanone"
C1323199	1323-19-9	"Sodium 2,4,7-tri(propan-2-yl)naphthalene-1-sulfonate"
C13301616	13301-61-6	C.I. Disperse Orange 37
C15046750	15046-75-0	Sodium 2-methylbenzenesulfonate
C3855321	3855-32-1	"2,6,10-Trimethyl-2,6,10-triazaundecane"
C5700492	5700-49-2	"1,2-Ethanediamine dihydriodide"
C618451	618-45-1	3-Isopropylphenol
C647427	647-42-7	"3,3,4,4,5,5,6,6,7,7,8,8,8-Tridecafluorooctan-1-ol"
C71526073	71526-07-3	MON-4660
C77894	77-89-4	Acetyltriethyl citrate
C827190	827-19-0	"Sodium 2,5-dimethylbenzenesulfonate"
C96708	96-70-8	2-tert-Butyl-4-ethylphenol
C15619484	15619-48-4	1-Benzylquinolinium chloride
C3033770	3033-77-0	"N,N,N-Trimethyl(oxiran-2-yl)methanaminium chloride"
C3734676	3734-67-6	C.I. Acid Red 1
C553708	553-70-8	Magnesium dibenzoate
C5877429	5877-42-9	4-Ethyloct-1-yn-3-ol
C67786145	67786-14-5	Acid Red 337
C68555862	68555-86-2	Acid Orange 156
C929599	929-59-9	"2,2'-[Ethane-1,2-diylbis(oxy)]diethanamine"
C1189088	1189-08-8	"1,3-Butyleneglycol dimethacrylate"
C120183	120-18-3	Naphthalene-2-sulfonic acid
C2917739	2917-73-9	Dibutyl nonanedioate
C3913028	3913-02-8	2-Butyloctan-1-ol
C5536618	5536-61-8	Sodium methacrylate
C585342	585-34-2	3-tert-Butylphenol
C692864	692-86-4	Ethyl undec-10-enoate
C80273	80-27-3	Terpinyl propionate
C18924668	18924-66-8	"2,2'-(Tetradecylimino)diethanol"
C2457014	2457-01-4	Barium bis(2-ethylhexanoate)
C2694544	2694-54-4	"Triprop-2-en-1-yl benzene-1,2,4-tricarboxylate"
C27253334	27253-33-4	Calcium neodecanoate
C28631665	28631-66-5	C.I. Acid Blue 22
C36673162	36673-16-2	Isopropyl triethanolamine titanate
C66357355	66357-35-5	Ranitidine
C51241	51-24-1	Tiratricol
C7681767	7681-76-7	Ronidazole
C105624860	105624-86-0	5HPP-33
C17465860	17465-86-0	gamma-Cyclodextrin
C1120043	1120-04-3	Octadecyl sulfate sodium salt
C16587716	16587-71-6	4-(tert-Pentyl)-cyclohexanone
C98066	98-06-6	tert-Butylbenzene
C79163	79-16-3	N-Methylacetamide
C22047490	22047-49-0	2-Ethylhexyl octadecanoate
C36631308	36631-30-8	Triisodecyl trimellitate
C94462	94-46-2	Isopentyl benzoate
C83834597	83834-59-7	2-Ethylhexyl trans-4-methoxycinnamate
C139340560	139340-56-0	Darbufelone mesylate
C221246124	221246-12-4	Fandosentan potassium salt
C145742285	145742-28-5	CP-122721
C186392654	186392-65-4	Ingliforib
C199171885	199171-88-5	CP-401387
C220860504	220860-50-4	CP-457920
C127308821	127308-82-1	Zamifenacin
C124378774	124378-77-4	Enadoline
C149062759	149062-75-9	PharmaGSID_47259
C177785476	177785-47-6	PharmaGSID_47261
C207736058	207736-05-8	CI-1029
C349495427	349495-42-7	PharmaGSID_47263
C171866312	171866-31-2	CP-283097
C230954093	230954-09-3	CP-544439
C104795688	104795-68-8	CI-959
C253450098	253450-09-8	Besonprodil
C676116044	676116-04-4	PD 0343701
C249296433	249296-43-3	CJ-013610
C113734182	113734-18-2	CP-114271
C194098254	194098-25-4	CP-409092
C361343193	361343-19-3	Elzasonan
C214535770	214535-77-0	CP-457677
C261947380	261947-38-0	CP-532623
C289716945	289716-94-5	CP-607366
C353280076	353280-07-6	CP-612372
C445295045	445295-04-5	CP-671305
C368832422	368832-42-2	CP-728663
C478149530	478149-53-0	PHA-00543613
C527680564	527680-56-4	PHA-00568487
C123122554	123122-55-4	Candoxatril
C197077557	197077-55-7	UK-333747
C203942498	203942-49-8	UK-337312
C215297271	215297-27-1	UK-343664
C402910274	402910-27-4	UK-416244
C668981020	668981-02-0	CP-863187
C291305061	291305-06-1	UK-373911
C112733069	112733-06-9	Zenarestat
C134002601	134002-60-1	CP-085958
C210826407	210826-40-7	CP-456773
C179465715	179465-71-5	CJ-013790
C135080034	135080-03-4	CP-100829
C290352282	290352-28-2	CP-634384
C501027492	501027-49-2	PD-0333941
C158081993	158081-99-3	CP-105696
C162706141	162706-14-1	UK-156819
C196808454	196808-45-4	Farglitazar
C864283487	864283-48-7	GSK232420A
C263553339	263553-33-9	GW473178E methyl benzene sulphonic acid
C444610917	444610-91-7	PharmaGSID_47315
C461023632	461023-63-2	Aplaviroc hydrochloride
C139149556	139149-55-6	SB202235
C184653847	184653-84-7	Carabersat
C180084019	180084-01-9	SB236057A
C200940234	200940-23-4	SB243213A
C219790724	219790-72-4	SB281832
C313994795	313994-79-5	MK-578
C331623064	331623-06-4	MK-547
C851916422	851916-42-2	MK-812
C1061517621	1061517-62-1	PharmaGSID_47337
C262376750	262376-75-0	HMR1426
C181640095	181640-09-5	SR144190
C264618442	264618-44-2	SSR146977
C159138815	159138-81-5	Cariporide mesylate
C155990208	155990-20-8	SR271425
C742693385	742693-38-5	SSR504734
C189003927	189003-92-7	Trelanserin
C473289622	473289-62-2	Ilepatril
C288104790	288104-79-0	Surinabant
C439687691	439687-69-1	Nelivaptan
C298198524	298198-52-4	SSR180711
C929601092	929601-09-2	SR58611
C139290656	139290-65-6	Volinanserin
C344930956	344930-95-6	SSR69071
C221671621	221671-62-1	SR146131
C725228455	725228-45-5	AVE5638
C478263988	478263-98-8	AVE3295
C862243296	862243-29-6	AVE9423
C648917139	648917-13-9	AVE2865
C1068967963	1068967-96-3	SAR102608
C330198919	330198-91-9	Fully acetylated glycerol monoester on 12-Hydroxystearic acid (85%); Fully acetylated glycerol monostearate represents (10%)
C166412788	166412-78-8	"Diisononyl cyclohexane-1,2-dicarboxylate"
C1638228	1638-22-8	4-Butylphenol
C2392394	2392-39-4	Dexamethasone sodium phosphate
C474862	474-86-2	Equilin
C6359826	6359-82-6	Acid Yellow 11
C826620	826-62-0	"3a,4,7,7a-Tetrahydro-4,7-methanoisobenzofuran-1,3-dione"
C9016879	9016-87-9	"Isocyanic acid, polymethylenepolyphenylene ester"
C1072157	1072-15-7	"Sulfuric acid, monononyl ester, sodium salt"
C119073	119-07-3	Octyl decyl phthalate
C68515753	68515-75-3	"Hexanedioic acid, di-C7-9-branched and linear alkyl esters"
C81131706	81131-70-6	Pravastatin sodium
C91082176	91082-17-6	C10-21 sulfonic acids phenyl esters
C66456539	66456-53-9	"Adipic acid, polypropyleneglycol, laurate"
C58394642	58394-64-2	Benzyloctyl adipate
C89043	89-04-3	Trioctyl trimellitate
C82469792	82469-79-2	Butyryl trihexyl citrate
C2432873	2432-87-3	Dioctyl succinate
C6624733	6624-73-3	"Pentane-1,5-diyl dibenzoate"
C22915737	22915-73-7	"Hexane-1,6-diyl dibenzoate"
C6344678	6344-67-8	3-Hydroxyfluorene
C117428225	117428-22-5	Picoxystrobin
C2058948	2058-94-8	Perfluoroundecanoic acid
C2144538	2144-53-8	Tridecafluorohexylethyl methacrylate
C2043574	2043-57-4	"1H,1H,2H,2H-Perfluorooctyl iodide"
C486566	486-56-6	Cotinine
C94473	94-47-3	2-Phenylethyl benzoate
C484173	484-17-3	9-Phenanthrol
C6149037	6149-03-7	Sodium 4-octylbenzenesulfonate
C9003116	9003-11-6	Pluronic F-127
C41481667	41481-66-7	"4,4'-Sulfonylbis[2-(prop-2-en-1-yl)phenol]"
C105215	105-21-5	"1,4-Heptanolide"
C2550405	2550-40-5	Dicyclohexyl disulfide
C111626	111-62-6	Ethyl oleate
C132650	132-65-0	Dibenzothiophene
C117997	117-99-7	2-Hydroxybenzophenone
C17696627	17696-62-7	Phenylparaben
C1219381	1219-38-1	Octylparaben
C63449412	63449-41-2	C8-18-Alkydimethylbenzyl ammonium chlorides
C102409927	102409-92-7	FR073317
C138472012	138472-01-2	FR900409
C129299907	129299-90-7	Fabesetron hydrochloride
C149413741	149413-74-1	FR150011
C146011656	146011-65-6	FR145237
C174185161	174185-16-1	FR167356
C151506444	151506-44-4	FR140423
C136042198	136042-19-8	FR130739
C2696846	2696-84-6	4-Propylaniline
C769926	769-92-6	4-tert-Butylaniline
C712505	712-50-5	Cyclohexylphenylketone
C78473719	78473-71-9	Enterolactone
C2919666	2919-66-6	Melengestrol acetate
C41372207	41372-20-7	Apomorphine hydrochloride hydrate
C67301	67-30-1	Tetrac
C199584388	199584-38-8	1-Methoxy-4-tert-pentylcyclohexane
C106456	106-45-6	4-Thiocresol
C1166525	1166-52-5	Dodecyl gallate
C127253	127-25-3	Methyl abietate
C13680358	13680-35-8	"4,4'-Methylenebis(2,6-diethylaniline)"
C15499271	15499-27-1	4-Butylchlorobenzene
C1625918	1625-91-8	"4,4'-Di-tert-butylbiphenyl"
C1671756	1671-75-6	Heptanophenone
C18979550	18979-55-0	4-(Hexyloxy)phenol
C2396681	2396-68-1	4-tert-Butylbenzenethiol
C40649363	40649-36-3	4-Propylcyclohexanone
C4344552	4344-55-2	4-Butyloxyaniline
C480637	480-63-7	"2,4,6-Trimethylbenzoic acid"
C5407987	5407-98-7	Cyclobutyl phenyl ketone
C611701	611-70-1	Isopropyl phenyl ketone
C6285058	6285-05-8	Ethyl 4-chlorophenyl ketone
C70568604	70568-60-4	4-Butylcyclohexanol
C79098207	79098-20-7	4-Chloropentylbenzene
C838857	838-85-7	Diphenyl phosphate
C89714	89-71-4	Methyl 2-methylbenzoate
C938169	938-16-9	tert-Butyl phenyl ketone
C93992	93-99-2	Phenyl benzoate
C94086	94-08-6	Ethyl 4-methylbenzoate
C588941451	588941-45-1	PharmaGSID_48506
C460081996	460081-99-6	PharmaGSID_48510
C1062243519	1062243-51-9	PharmaGSID_48511
C107071669	107071-66-9	Ro 23-7637
C825643570	825643-57-0	PharmaGSID_48513
C686756876	686756-87-6	PharmaGSID_48519
C625114412	625114-41-2	Piragliatin
C1191914212	1191914-21-2	PharmaGSID_48521
